name,loyalty,date
Covert,3101,2021-11-22 17:21:00
Covert,3801,2021-11-23 04:54:00
Covert,4101,2021-11-23 19:56:00
Covert,4601,2021-11-25 04:58:00
Covert,5001,2021-11-26 17:06:00
Covert,5601,2021-11-29 06:40:00
Covert,6501,2021-12-05 16:59:00
Covert,7001,2021-12-10 14:57:00
Covert,7301,2021-12-14 07:08:00
Bel’lal  RbC 232,2601,2021-11-22 04:26:00
Bel’lal  RbC 232,3101,2021-11-22 12:34:00
Bel’lal  RbC 232,3401,2021-11-22 17:06:00
Bel’lal  RbC 232,3601,2021-11-22 20:11:00
Bel’lal  RbC 232,3801,2021-11-23 01:54:00
Bel’lal  RbC 232,4001,2021-11-23 08:48:00
Bel’lal  RbC 232,4201,2021-11-23 22:08:00
Bel’lal  RbC 232,4301,2021-11-23 23:49:00
Bel’lal  RbC 232,4501,2021-11-24 14:11:00
Bel’lal  RbC 232,4801,2021-11-25 07:50:00
Bel’lal  RbC 232,5001,2021-11-26 07:08:00
Bel’lal  RbC 232,5201,2021-11-27 00:52:00
Bel’lal  RbC 232,5401,2021-11-28 02:47:00
Bel’lal  RbC 232,5501,2021-11-28 03:58:00
Bel’lal  RbC 232,5801,2021-11-30 10:02:00
Bel’lal  RbC 232,6001,2021-12-02 02:25:00
Bel’lal  RbC 232,6501,2021-12-07 11:31:00
Bel’lal  RbC 232,6701,2021-12-08 09:08:00
Bel’lal  RbC 232,7001,2021-12-10 17:11:00
Bel’lal  RbC 232,7101,2021-12-11 18:39:00
Bel’lal  RbC 232,7201,2021-12-12 17:22:00
Bel’lal  RbC 232,7301,2021-12-13 16:27:00
Bel’lal  RbC 232,7501,2021-12-15 13:25:00
Bel’lal  RbC 232,8001,2021-12-20 23:58:00
Cris Minime,3801,2021-11-22 17:26:00
Cris Minime,4800,2021-11-24 02:05:00
Cris Minime,4801,2021-11-24 02:06:00
Cris Minime,4901,2021-11-24 04:36:00
Cris Minime,5101,2021-11-24 19:06:00
Cris Minime,5201,2021-11-25 02:44:00
Cris Minime,5301,2021-11-25 06:59:00
Cris Minime,5401,2021-11-25 13:58:00
Cris Minime,5501,2021-11-26 02:43:00
Cris Minime,5800,2021-11-27 04:32:00
Cris Minime,5801,2021-12-02 16:27:00
Cris Minime,7801,2021-12-10 03:09:00
KrakSlanga,3101,2021-11-22 13:48:00
KrakSlanga,3301,2021-11-22 15:21:00
KrakSlanga,3501,2021-11-22 18:50:00
KrakSlanga,3601,2021-11-22 22:13:00
KrakSlanga,3901,2021-11-23 02:33:00
KrakSlanga,4101,2021-11-23 15:32:00
KrakSlanga,4201,2021-11-23 17:45:00
KrakSlanga,4401,2021-11-24 00:39:00
KrakSlanga,4601,2021-11-24 17:51:00
KrakSlanga,4701,2021-11-24 20:28:00
KrakSlanga,4801,2021-11-25 12:16:00
KrakSlanga,5101,2021-11-26 19:41:00
KrakSlanga,5201,2021-11-27 00:18:00
KrakSlanga,5501,2021-11-28 17:23:00
KrakSlanga,7001,2021-12-10 03:22:00
KrakSlanga,7201,2021-12-13 04:38:00
KrakSlanga,7401,2021-12-20 03:04:00
Red Draga,2101,2021-11-22 06:53:00
Red Draga,2801,2021-11-22 21:53:00
Red Draga,3301,2021-11-23 07:34:00
Red Draga,4101,2021-11-24 10:36:00
Red Draga,4401,2021-11-25 12:18:00
Red Draga,5701,2021-12-02 06:08:00
Red Draga,6501,2021-12-08 13:47:00
Red Draga,7001,2021-12-12 02:08:00
•adnan•,3201,2021-11-22 12:18:00
•adnan•,3301,2021-11-22 13:57:00
•adnan•,3401,2021-11-22 15:00:00
•adnan•,3501,2021-11-22 16:27:00
•adnan•,3601,2021-11-22 22:56:00
•adnan•,3701,2021-11-23 00:49:00
•adnan•,3801,2021-11-23 03:02:00
•adnan•,3901,2021-11-23 03:25:00
•adnan•,4001,2021-11-23 06:19:00
•adnan•,4101,2021-11-23 09:56:00
•adnan•,4201,2021-11-23 12:06:00
•adnan•,4401,2021-11-24 00:35:00
•adnan•,4501,2021-11-24 04:11:00
•adnan•,4601,2021-11-24 07:44:00
•adnan•,4701,2021-11-24 11:40:00
•adnan•,4801,2021-11-24 19:17:00
•adnan•,4901,2021-11-25 02:55:00
•adnan•,5001,2021-11-25 10:25:00
•adnan•,5101,2021-11-26 01:03:00
•adnan•,5201,2021-11-26 07:35:00
•adnan•,5301,2021-11-26 15:14:00
•adnan•,5401,2021-11-27 05:34:00
•adnan•,5501,2021-11-27 13:12:00
•adnan•,5601,2021-11-28 03:45:00
•adnan•,5701,2021-11-28 11:51:00
•adnan•,5801,2021-11-29 04:06:00
•adnan•,5901,2021-11-29 08:08:00
•adnan•,6001,2021-11-30 00:23:00
•adnan•,6101,2021-11-30 09:56:00
•adnan•,6201,2021-12-01 00:39:00
•adnan•,6301,2021-12-01 14:56:00
•adnan•,6401,2021-12-02 10:23:00
•adnan•,6601,2021-12-03 14:58:00
•adnan•,6901,2021-12-06 08:06:00
•adnan•,7001,2021-12-07 04:43:00
•adnan•,7201,2021-12-09 00:14:00
•adnan•,7301,2021-12-10 01:50:00
•adnan•,7401,2021-12-11 03:02:00
•adnan•,7501,2021-12-12 11:32:00
•adnan•,7601,2021-12-13 09:42:00
BurningKarma,2201,2021-11-22 10:42:00
BurningKarma,2400,2021-11-22 12:17:00
BurningKarma,2500,2021-11-22 12:40:00
BurningKarma,2700,2021-11-22 14:44:00
BurningKarma,2801,2021-11-22 15:38:00
BurningKarma,3001,2021-11-22 18:30:00
BurningKarma,3201,2021-11-22 22:43:00
BurningKarma,3401,2021-11-23 08:40:00
BurningKarma,3501,2021-11-23 09:47:00
BurningKarma,3601,2021-11-23 14:57:00
BurningKarma,3701,2021-11-23 16:17:00
BurningKarma,3801,2021-11-23 18:40:00
BurningKarma,3901,2021-11-23 21:28:00
BurningKarma,4301,2021-11-24 16:41:00
BurningKarma,4501,2021-11-25 12:43:00
BurningKarma,4801,2021-11-26 20:41:00
BurningKarma,4901,2021-11-27 09:53:00
BurningKarma,5001,2021-11-27 17:56:00
BurningKarma,5101,2021-11-28 09:40:00
BurningKarma,5201,2021-11-28 22:46:00
BurningKarma,5401,2021-11-30 09:45:00
BurningKarma,5501,2021-11-30 15:35:00
BurningKarma,5601,2021-12-01 14:51:00
BurningKarma,6101,2021-12-05 11:41:00
BurningKarma,6201,2021-12-06 16:24:00
BurningKarma,6301,2021-12-07 18:00:00
BurningKarma,6401,2021-12-08 13:59:00
BurningKarma,6501,2021-12-10 12:53:00
BurningKarma,6601,2021-12-10 22:30:00
BurningKarma,6901,2021-12-14 00:31:00
BurningKarma,7001,2021-12-15 08:32:00
BurningKarma,7201,2021-12-18 12:04:00
MiSTER,1800,2021-11-22 08:43:00
MiSTER,2801,2021-11-23 09:20:00
MiSTER,3401,2021-11-23 22:20:00
MiSTER,3601,2021-11-24 07:49:00
MiSTER,3901,2021-11-24 14:09:00
MiSTER,4001,2021-11-24 15:51:00
MiSTER,4401,2021-11-25 14:21:00
MiSTER,4501,2021-11-25 18:03:00
MiSTER,4701,2021-11-26 11:46:00
MiSTER,5001,2021-11-27 17:47:00
MiSTER,5201,2021-11-28 09:16:00
MiSTER,5301,2021-11-28 14:42:00
MiSTER,5401,2021-11-29 08:01:00
MiSTER,5801,2021-12-01 13:43:00
MiSTER,6601,2021-12-07 10:52:00
MiSTER,6801,2021-12-08 16:26:00
MiSTER,6901,2021-12-10 06:24:00
MiSTER,7141,2021-12-13 18:05:00
MiSTER,6701,2021-12-20 10:50:00
MiSTER,6801,2021-12-21 13:33:00
MiSTER,7201,2021-12-27 06:34:00
MiSTER,7301,2021-12-27 12:59:00
MiSTER,7701,2022-01-06 19:31:45
Doge of Woofstreet,2301,2021-11-22 04:22:00
Doge of Woofstreet,2600,2021-11-22 09:56:00
Doge of Woofstreet,3201,2021-11-22 20:18:00
Doge of Woofstreet,3701,2021-11-23 12:41:00
Doge of Woofstreet,3901,2021-11-24 08:59:00
Doge of Woofstreet,4201,2021-11-24 10:17:00
Doge of Woofstreet,4701,2021-11-26 20:29:00
Doge of Woofstreet,4901,2021-11-28 03:25:00
Doge of Woofstreet,5301,2021-11-29 08:30:00
Doge of Woofstreet,5501,2021-11-29 23:11:00
Doge of Woofstreet,5801,2021-12-02 01:47:00
Doge of Woofstreet,6101,2021-12-04 07:30:00
Doge of Woofstreet,6201,2021-12-04 22:07:00
Doge of Woofstreet,6601,2021-12-07 22:22:00
Doge of Woofstreet,6701,2021-12-09 03:36:00
Doge of Woofstreet,6801,2021-12-09 22:27:00
Doge of Woofstreet,6901,2021-12-10 20:44:00
Doge of Woofstreet,7001,2021-12-11 21:20:00
Doge of Woofstreet,7101,2021-12-14 06:27:00
Doge of Woofstreet,7501,2021-12-17 01:07:00
Doge of Woofstreet,7701,2021-12-19 12:54:00
Doge of Woofstreet,7901,2021-12-23 11:44:00
suggysugg,1801,2021-11-22 05:42:00
suggysugg,4901,2021-11-27 08:38:00
suggysugg,5001,2021-11-27 20:03:00
suggysugg,5101,2021-11-28 10:36:00
suggysugg,5201,2021-11-28 18:20:00
suggysugg,5301,2021-11-29 10:06:00
suggysugg,5401,2021-11-29 15:16:00
suggysugg,5501,2021-11-30 05:57:00
suggysugg,5701,2021-12-01 16:31:00
suggysugg,5901,2021-12-02 15:15:00
suggysugg,6001,2021-12-03 05:51:00
suggysugg,6101,2021-12-03 09:29:00
suggysugg,6201,2021-12-04 05:15:00
suggysugg,6301,2021-12-05 04:23:00
suggysugg,6501,2021-12-06 18:31:00
suggysugg,7001,2021-12-11 15:54:00
suggysugg,7101,2021-12-12 14:24:00
suggysugg,7301,2021-12-14 18:15:00
suggysugg,7501,2021-12-16 10:27:00
suggysugg,7901,2021-12-20 12:34:00
suggysugg,8001,2021-12-21 20:26:00
suggysugg,7701,2022-01-05 07:23:00
Rezenator,1701,2021-11-22 01:37:00
Rezenator,1801,2021-11-22 01:38:00
Rezenator,1901,2021-11-22 01:49:00
Rezenator,2201,2021-11-22 07:35:00
Rezenator,2301,2021-11-22 19:25:00
Rezenator,2701,2021-11-22 20:42:00
Rezenator,2901,2021-11-23 03:10:00
Rezenator,3101,2021-11-23 14:28:00
Rezenator,3301,2021-11-23 17:23:00
Rezenator,3601,2021-11-24 03:52:00
Rezenator,3801,2021-11-24 06:51:00
Rezenator,3901,2021-11-24 15:56:00
Rezenator,4001,2021-11-24 20:47:00
Rezenator,4101,2021-11-25 19:31:00
Rezenator,4401,2021-11-26 19:23:00
Rezenator,4601,2021-11-27 01:57:00
Rezenator,4701,2021-11-27 19:23:00
Rezenator,4801,2021-11-27 20:12:00
Rezenator,4901,2021-11-28 15:05:00
Rezenator,5001,2021-11-29 17:42:00
Rezenator,5101,2021-11-29 21:17:00
Rezenator,5201,2021-11-30 17:57:00
Rezenator,5301,2021-12-01 03:40:00
Rezenator,5601,2021-12-02 23:26:00
Rezenator,5701,2021-12-04 18:26:00
Rezenator,5901,2021-12-05 06:34:00
Rezenator,6001,2021-12-06 06:09:00
Rezenator,6101,2021-12-07 02:44:00
Rezenator,6301,2021-12-08 01:36:00
Rezenator,6401,2021-12-09 05:19:00
Rezenator,6601,2021-12-11 05:31:00
Rezenator,7101,2021-12-15 23:09:00
Rezenator,7201,2021-12-17 18:17:00
Rezenator,7301,2021-12-19 16:26:00
Rezenator,7601,2021-12-21 18:55:00
Rezenator,7901,2021-12-25 17:16:00
Rezenator,8001,2021-12-26 07:18:00
Weißer Wanderer,1800,2021-11-22 06:39:00
Weißer Wanderer,1901,2021-11-22 07:13:00
Weißer Wanderer,2001,2021-11-22 07:58:00
Weißer Wanderer,2101,2021-11-22 07:58:00
Weißer Wanderer,2301,2021-11-22 10:11:00
Weißer Wanderer,2701,2021-11-22 15:42:00
Weißer Wanderer,3101,2021-11-23 05:31:00
Weißer Wanderer,4901,2021-11-26 19:53:00
Pickle (Rbc-232),2101,2021-11-22 12:19:00
Pickle (Rbc-232),2501,2021-11-22 16:58:00
Pickle (Rbc-232),2601,2021-11-22 17:31:00
Pickle (Rbc-232),3001,2021-11-23 01:43:00
Pickle (Rbc-232),3101,2021-11-23 04:17:00
Pickle (Rbc-232),3301,2021-11-23 10:54:00
Pickle (Rbc-232),3501,2021-11-23 18:07:00
Pickle (Rbc-232),3601,2021-11-24 10:09:00
Pickle (Rbc-232),3701,2021-11-24 11:08:00
Pickle (Rbc-232),3801,2021-11-24 15:36:00
Pickle (Rbc-232),3901,2021-11-24 19:07:00
Pickle (Rbc-232),4001,2021-11-24 22:06:00
Pickle (Rbc-232),4101,2021-11-25 13:30:00
Pickle (Rbc-232),4301,2021-11-25 22:58:00
Pickle (Rbc-232),4801,2021-11-27 23:57:00
Pickle (Rbc-232),4901,2021-11-28 22:40:00
Pickle (Rbc-232),5001,2021-11-29 14:56:00
Pickle (Rbc-232),6101,2021-12-06 16:00:00
Pickle (Rbc-232),6201,2021-12-07 18:53:00
Pickle (Rbc-232),6301,2021-12-08 11:39:00
Pickle (Rbc-232),6401,2021-12-09 14:39:00
Pickle (Rbc-232),6601,2021-12-11 16:09:00
Pickle (Rbc-232),6801,2021-12-13 17:06:00
Pickle (Rbc-232),6901,2021-12-14 23:50:00
Pickle (Rbc-232),7201,2021-12-18 20:30:00
Pickle (Rbc-232),7301,2021-12-20 21:47:00
Pickle (Rbc-232),7401,2021-12-22 15:43:00
Ltrain,3201,2021-11-22 14:50:00
Ltrain,3301,2021-11-22 16:32:00
Ltrain,3401,2021-11-22 18:46:00
Ltrain,3601,2021-11-22 23:08:00
Ltrain,3901,2021-11-23 09:38:00
Ltrain,4001,2021-11-23 10:47:00
Ltrain,4101,2021-11-23 12:36:00
Ltrain,4201,2021-11-23 15:27:00
Ltrain,4301,2021-11-23 19:31:00
Ltrain,4401,2021-11-24 01:15:00
Ltrain,4501,2021-11-24 06:37:00
Ltrain,4601,2021-11-24 14:44:00
Ltrain,4801,2021-11-25 00:09:00
Ltrain,5001,2021-11-25 17:34:00
Ltrain,5201,2021-11-26 15:18:00
Ltrain,5401,2021-11-27 11:15:00
Ltrain,5501,2021-11-27 22:51:00
Ltrain,5701,2021-11-28 15:20:00
Ltrain,5801,2021-11-29 09:43:00
Ltrain,5901,2021-11-29 18:32:00
Ltrain,6001,2021-11-30 02:46:00
Ltrain,6301,2021-12-01 22:19:00
Ltrain,6601,2021-12-03 17:57:00
Ltrain,6801,2021-12-05 11:50:00
Ltrain,7001,2021-12-07 06:48:00
Ltrain,7101,2021-12-08 01:03:00
Ltrain,7501,2021-12-11 20:16:00
Ltrain,7601,2021-12-13 14:16:00
Ltrain,7201,2021-12-15 11:41:00
Ltrain,7301,2021-12-27 11:22:00
Ltrain,7601,2022-01-07 01:28:38
Duckenator,1801,2021-11-22 19:57:00
Duckenator,2701,2021-11-23 20:10:00
Duckenator,3001,2021-11-24 23:49:00
Duckenator,3801,2021-11-27 14:16:00
Duckenator,4801,2021-12-03 17:23:00
Duckenator,5201,2021-12-08 17:11:00
Duckenator,5601,2021-12-11 03:22:00
Duckenator,6401,2021-12-20 01:30:00
Magog X,2401,2021-11-22 08:55:00
Magog X,2601,2021-11-22 09:49:00
Magog X,2801,2021-11-22 10:58:00
Magog X,2901,2021-11-22 11:49:00
Magog X,3001,2021-11-22 13:50:00
Magog X,3101,2021-11-22 15:51:00
Magog X,3201,2021-11-22 18:02:00
Magog X,3301,2021-11-22 19:01:00
Magog X,3501,2021-11-23 04:49:00
Magog X,3601,2021-11-23 07:27:00
Magog X,3700,2021-11-23 09:34:00
Magog X,3701,2021-11-23 09:34:00
Magog X,3801,2021-11-23 11:30:00
Magog X,3901,2021-11-23 13:26:00
Magog X,4001,2021-11-23 17:44:00
Magog X,4101,2021-11-24 08:04:00
Magog X,4201,2021-11-24 09:54:00
Magog X,4301,2021-11-24 17:46:00
Magog X,4401,2021-11-24 19:14:00
Magog X,4501,2021-11-25 08:03:00
Magog X,4601,2021-11-25 12:00:00
Magog X,4701,2021-11-25 15:37:00
Magog X,4801,2021-11-26 06:27:00
Magog X,4901,2021-11-26 09:57:00
Magog X,5001,2021-11-26 15:29:00
Magog X,5101,2021-11-27 07:02:00
Magog X,5201,2021-11-27 13:42:00
Magog X,5301,2021-11-27 19:40:00
Magog X,5401,2021-11-28 05:12:00
Magog X,5501,2021-11-28 15:22:00
Magog X,5601,2021-11-29 10:09:00
Magog X,5701,2021-11-29 18:58:00
Magog X,5801,2021-11-30 10:02:00
Magog X,5901,2021-12-01 05:12:00
Magog X,6001,2021-12-01 14:42:00
Magog X,6101,2021-12-02 08:06:00
Magog X,6201,2021-12-02 16:47:00
Magog X,6301,2021-12-03 08:52:00
Magog X,6401,2021-12-04 08:40:00
Magog X,6501,2021-12-05 06:10:00
Magog X,6601,2021-12-06 06:25:00
Magog X,6701,2021-12-07 09:09:00
Magog X,6801,2021-12-08 07:34:00
Magog X,6901,2021-12-09 05:12:00
Magog X,7001,2021-12-09 17:45:00
Magog X,7101,2021-12-10 17:41:00
Magog X,7201,2021-12-12 09:15:00
Magog X,7301,2021-12-14 05:51:00
Magog X,7401,2021-12-16 13:53:00
Magog X,7501,2021-12-18 04:45:00
Magog X,7601,2021-12-19 11:10:00
Magog X,7700,2021-12-21 09:39:00
Magog X,7701,2021-12-21 09:39:00
Magog X,7801,2021-12-22 19:39:00
Magog X,7901,2021-12-25 04:57:00
Magog X,8001,2021-12-27 07:31:00
Magog X,8101,2021-12-30 06:54:00
Magog X,8301,2022-01-02 08:29:00
Magog X,7401,2022-01-02 10:48:00
Magog X,7601,2022-01-04 06:29:00
Magog X,7801,2022-01-06 16:31:42
Magog X,7901,2022-01-07 11:05:34
DARKPASSENGER,4400,2021-11-24 05:55:00
DARKPASSENGER,4800,2021-11-25 10:39:00
DARKPASSENGER,5301,2021-11-27 09:41:00
DARKPASSENGER,5601,2021-11-29 06:52:00
DARKPASSENGER,7701,2021-12-21 10:15:00
Rhino,3101,2021-11-22 16:34:00
Rhino,4501,2021-11-26 02:19:00
Rhino,4800,2021-11-28 10:30:00
Rhino,4081,2021-11-28 10:30:00
Rhino,5301,2021-11-29 14:35:00
Rhino,5601,2021-12-01 10:27:00
Rhino,5701,2021-12-02 11:19:00
Rhino,5901,2021-12-03 08:51:00
Rhino,6401,2021-12-06 17:16:00
Rhino,7401,2021-12-18 20:34:00
LordEdWolf,1500,2021-11-22 02:47:00
LordEdWolf,2400,2021-11-22 16:12:00
LordEdWolf,2701,2021-11-22 23:49:00
LordEdWolf,3301,2021-11-23 13:16:00
LordEdWolf,4201,2021-11-25 20:10:00
LordEdWolf,4801,2021-11-28 23:22:00
LordEdWolf,6301,2021-12-08 19:52:00
PAPOKEN,4800,2021-11-24 23:40:00
PAPOKEN,4801,2021-11-24 23:40:00
PAPOKEN,6301,2021-12-01 16:18:00
PAPOKEN,6401,2021-12-01 16:33:00
PAPOKEN,6701,2021-12-04 15:23:00
PAPOKEN,7401,2021-12-10 12:33:00
PAPOKEN,7501,2021-12-11 16:36:00
Zeus Almighty,2601,2021-11-22 05:11:00
Zeus Almighty,2701,2021-11-22 05:46:00
Zeus Almighty,3101,2021-11-22 10:05:00
Zeus Almighty,3901,2021-11-23 08:50:00
Zeus Almighty,4201,2021-11-23 17:59:00
Zeus Almighty,4301,2021-11-23 22:21:00
Zeus Almighty,4501,2021-11-24 08:48:00
Zeus Almighty,4701,2021-11-24 22:56:00
Zeus Almighty,4801,2021-11-25 02:35:00
Zeus Almighty,4901,2021-11-25 11:02:00
Zeus Almighty,5001,2021-11-25 21:09:00
Zeus Almighty,5101,2021-11-26 04:04:00
Zeus Almighty,5201,2021-11-26 11:39:00
Zeus Almighty,5301,2021-11-27 00:11:00
Zeus Almighty,5601,2021-11-28 13:10:00
Zeus Almighty,5701,2021-11-29 00:48:00
Zeus Almighty,5801,2021-11-29 11:26:00
Zeus Almighty,6001,2021-11-30 12:37:00
Zeus Almighty,6801,2021-12-06 22:10:00
Zeus Almighty,7001,2021-12-12 09:16:00
Zeus Almighty,7401,2021-12-14 08:38:00
Zeus Almighty,7501,2021-12-14 20:21:00
Zeus Almighty,7601,2021-12-16 01:19:00
Zeus Almighty,7801,2021-12-19 12:46:00
Zeus Almighty,7901,2021-12-20 21:37:00
Zeus Almighty,9201,2022-01-16 04:07:49
Zeus Almighty,7101,2022-01-16 04:08:07
Red_Knave,1901,2021-11-22 06:53:00
Red_Knave,2201,2021-11-22 08:00:00
Red_Knave,2401,2021-11-22 08:32:00
Red_Knave,2501,2021-11-22 09:39:00
Red_Knave,2701,2021-11-22 10:53:00
Red_Knave,2801,2021-11-22 12:45:00
Red_Knave,3001,2021-11-22 15:05:00
Red_Knave,3201,2021-11-22 17:43:00
Red_Knave,3401,2021-11-22 21:17:00
Red_Knave,3601,2021-11-23 07:21:00
Red_Knave,3801,2021-11-23 13:36:00
Red_Knave,4001,2021-11-23 18:01:00
Red_Knave,4201,2021-11-24 07:33:00
Red_Knave,4401,2021-11-24 16:04:00
Red_Knave,4501,2021-11-24 23:47:00
Red_Knave,4601,2021-11-25 06:52:00
Red_Knave,4701,2021-11-25 13:42:00
Red_Knave,4801,2021-11-26 08:25:00
Red_Knave,4901,2021-11-26 14:45:00
Red_Knave,5001,2021-11-27 06:18:00
Red_Knave,5101,2021-11-27 14:07:00
Red_Knave,5201,2021-11-27 23:53:00
Red_Knave,5301,2021-11-28 10:49:00
Red_Knave,5401,2021-11-29 07:02:00
Red_Knave,5501,2021-11-29 10:09:00
Red_Knave,5601,2021-11-29 22:49:00
Red_Knave,5701,2021-11-30 20:02:00
Red_Knave,5801,2021-12-01 07:26:00
Red_Knave,5901,2021-12-01 17:43:00
Red_Knave,6001,2021-12-02 07:46:00
Red_Knave,6101,2021-12-03 07:15:00
Red_Knave,6201,2021-12-03 16:05:00
Red_Knave,6301,2021-12-04 18:42:00
Red_Knave,6401,2021-12-05 13:26:00
Red_Knave,6501,2021-12-06 21:08:00
Red_Knave,6601,2021-12-07 11:44:00
Red_Knave,6701,2021-12-08 15:26:00
Red_Knave,6801,2021-12-09 19:36:00
Red_Knave,6901,2021-12-10 16:14:00
Red_Knave,7001,2021-12-12 00:33:00
Red_Knave,7101,2021-12-13 07:42:00
Red_Knave,7201,2021-12-14 19:51:00
Red_Knave,7301,2021-12-15 22:10:00
Red_Knave,7401,2021-12-17 20:12:00
Red_Knave,7501,2021-12-20 07:25:00
Tygunru,1801,2021-11-22 00:51:00
Tygunru,2701,2021-11-22 09:57:00
Tygunru,2901,2021-11-22 10:51:00
Tygunru,3001,2021-11-22 11:27:00
Tygunru,3301,2021-11-22 16:53:00
Tygunru,3401,2021-11-22 20:00:00
Tygunru,3501,2021-11-22 21:24:00
Tygunru,3901,2021-11-23 13:30:00
Tygunru,4101,2021-11-23 20:58:00
Tygunru,4301,2021-11-24 08:41:00
Tygunru,4401,2021-11-24 11:31:00
Tygunru,4501,2021-11-24 19:00:00
Tygunru,4701,2021-11-25 10:50:00
Tygunru,4801,2021-11-25 15:28:00
Tygunru,5001,2021-11-26 11:47:00
Tygunru,5101,2021-11-26 22:22:00
Tygunru,5201,2021-11-27 11:36:00
Tygunru,5301,2021-11-27 13:18:00
Tygunru,5401,2021-11-27 22:13:00
Tygunru,5501,2021-11-28 10:21:00
Tygunru,5601,2021-11-28 19:58:00
Tygunru,5701,2021-11-29 10:10:00
Tygunru,5801,2021-11-29 23:22:00
Tygunru,5901,2021-11-30 11:10:00
Tygunru,6001,2021-12-01 03:10:00
Tygunru,6101,2021-12-01 15:23:00
Tygunru,6201,2021-12-02 10:39:00
Tygunru,6301,2021-12-03 00:38:00
Tygunru,6401,2021-12-03 17:48:00
Tygunru,6601,2021-12-05 18:55:00
Tygunru,6701,2021-12-07 11:26:00
Tygunru,6801,2021-12-07 17:55:00
Tygunru,7001,2021-12-09 18:25:00
Tygunru,7201,2021-12-11 22:31:00
Tygunru,7401,2021-12-14 10:33:00
Tygunru,7501,2021-12-15 10:18:00
Tygunru,7601,2021-12-15 20:52:00
Tygunru,6801,2021-12-21 12:46:00
Jake5691,401,2022-02-05 16:44:18
Victor (VYC),1600,2021-11-22 06:35:00
Victor (VYC),1901,2021-11-22 10:05:00
Victor (VYC),2701,2021-11-23 06:05:00
Victor (VYC),2901,2021-11-23 15:39:00
Victor (VYC),3201,2021-11-24 07:09:00
Victor (VYC),3501,2021-11-24 18:39:00
Victor (VYC),3801,2021-11-25 17:49:00
Victor (VYC),4301,2021-11-28 16:47:00
Victor (VYC),4501,2021-11-30 05:11:00
Victor (VYC),5101,2021-12-03 07:56:00
Victor (VYC),5401,2021-12-06 09:48:00
Victor (VYC),5701,2021-12-08 11:30:00
Victor (VYC),5801,2021-12-10 06:06:00
Victor (VYC),6701,2021-12-19 06:26:00
Victor (VYC),7001,2021-12-23 18:39:00
Victor (VYC),7301,2021-12-29 15:37:00
Victor (VYC),7501,2022-01-04 06:16:00
K.AN,2900,2021-11-22 11:27:00
K.AN,3201,2021-11-22 17:30:00
K.AN,3601,2021-11-23 06:09:00
K.AN,3901,2021-11-23 15:04:00
K.AN,4101,2021-11-24 04:06:00
K.AN,4301,2021-11-24 14:12:00
K.AN,4601,2021-11-25 14:56:00
K.AN,5201,2021-11-28 00:25:00
K.AN,5501,2021-11-29 11:25:00
K.AN,6001,2021-12-02 15:44:00
K.AN,6401,2021-12-05 08:34:00
K.AN,6901,2021-12-09 14:32:00
K.AN,7001,2021-12-10 14:33:00
toberich,1601,2021-11-22 09:46:00
toberich,1901,2021-11-22 10:30:00
toberich,3801,2021-11-24 23:59:00
toberich,4001,2021-11-25 14:03:00
toberich,4801,2021-11-29 11:04:00
toberich,6401,2021-12-12 10:34:00
toberich,7101,2021-12-18 12:32:00
InsaneMarine,1901,2021-11-22 01:06:00
InsaneMarine,2001,2021-11-22 01:21:00
InsaneMarine,2101,2021-11-22 01:38:00
InsaneMarine,2401,2021-11-22 03:01:00
InsaneMarine,3101,2021-11-22 12:59:00
InsaneMarine,3201,2021-11-22 14:13:00
InsaneMarine,3301,2021-11-22 14:21:00
InsaneMarine,3401,2021-11-22 17:30:00
InsaneMarine,3701,2021-11-23 00:01:00
InsaneMarine,3801,2021-11-23 00:58:00
InsaneMarine,3901,2021-11-23 08:45:00
InsaneMarine,4001,2021-11-23 20:42:00
InsaneMarine,4401,2021-11-24 12:44:00
InsaneMarine,4501,2021-11-24 13:19:00
InsaneMarine,4701,2021-11-25 02:24:00
InsaneMarine,4801,2021-11-25 18:31:00
InsaneMarine,5001,2021-11-26 01:00:00
InsaneMarine,5101,2021-11-26 14:07:00
InsaneMarine,5401,2021-11-27 21:29:00
InsaneMarine,5501,2021-11-28 01:41:00
InsaneMarine,5801,2021-11-30 15:03:00
InsaneMarine,6101,2021-12-01 16:50:00
InsaneMarine,6201,2021-12-02 01:22:00
InsaneMarine,6401,2021-12-03 01:54:00
InsaneMarine,6601,2021-12-04 21:06:00
InsaneMarine,6701,2021-12-05 19:55:00
InsaneMarine,6801,2021-12-07 00:01:00
InsaneMarine,7101,2021-12-09 21:19:00
InsaneMarine,7201,2021-12-10 12:22:00
InsaneMarine,7301,2021-12-12 01:34:00
InsaneMarine,7601,2021-12-15 02:39:00
InsaneMarine,8000,2021-12-19 01:47:00
InsaneMarine,8101,2021-12-19 18:04:00
InsaneMarine,8201,2021-12-21 23:54:00
InsaneMarine,7501,2021-12-27 16:12:00
InsaneMarine,7701,2022-01-08 14:50:32
Lady BlackAdder,801,2021-11-22 03:23:00
Lady BlackAdder,1001,2021-11-22 03:50:00
Lady BlackAdder,2001,2021-11-22 04:36:00
Lady BlackAdder,2501,2021-11-22 10:39:00
Lady BlackAdder,2701,2021-11-22 12:45:00
Lady BlackAdder,2800,2021-11-22 13:33:00
Lady BlackAdder,3001,2021-11-22 18:20:00
Lady BlackAdder,3201,2021-11-22 20:11:00
Lady BlackAdder,3301,2021-11-22 22:22:00
Lady BlackAdder,3401,2021-11-22 23:14:00
Lady BlackAdder,3601,2021-11-23 06:50:00
Lady BlackAdder,3700,2021-11-23 12:40:00
Lady BlackAdder,3701,2021-11-23 12:41:00
Lady BlackAdder,3801,2021-11-23 21:02:00
Lady BlackAdder,3901,2021-11-23 21:30:00
Lady BlackAdder,4001,2021-11-24 01:13:00
Lady BlackAdder,4101,2021-11-24 03:04:00
Lady BlackAdder,4201,2021-11-24 07:14:00
Lady BlackAdder,4301,2021-11-24 19:58:00
Lady BlackAdder,4401,2021-11-25 05:30:00
Lady BlackAdder,4501,2021-11-25 07:47:00
Lady BlackAdder,4601,2021-11-25 17:57:00
Lady BlackAdder,4701,2021-11-26 00:21:00
Lady BlackAdder,4801,2021-11-26 11:06:00
Lady BlackAdder,4901,2021-11-26 23:10:00
Lady BlackAdder,5001,2021-11-27 11:56:00
Lady BlackAdder,5101,2021-11-27 23:41:00
Lady BlackAdder,5201,2021-11-28 06:47:00
Lady BlackAdder,5301,2021-11-29 06:00:00
Lady BlackAdder,5401,2021-11-29 06:48:00
Lady BlackAdder,5501,2021-11-30 02:25:00
Lady BlackAdder,5601,2021-11-30 18:10:00
Lady BlackAdder,5701,2021-12-01 10:27:00
Lady BlackAdder,5801,2021-12-02 12:31:00
Lady BlackAdder,5901,2021-12-03 01:41:00
Lady BlackAdder,6001,2021-12-04 19:01:00
Lady BlackAdder,6101,2021-12-05 02:46:00
Lady BlackAdder,6201,2021-12-05 21:42:00
Lady BlackAdder,6301,2021-12-07 06:27:00
Lady BlackAdder,6401,2021-12-08 02:27:00
Lady BlackAdder,6501,2021-12-09 05:26:00
Lady BlackAdder,6601,2021-12-10 18:54:00
Lady BlackAdder,6701,2021-12-12 08:51:00
Lady BlackAdder,6801,2021-12-12 20:59:00
Lady BlackAdder,6901,2021-12-14 00:44:00
Lady BlackAdder,7001,2021-12-14 09:27:00
Lady BlackAdder,7101,2021-12-16 11:48:00
Lady BlackAdder,7201,2021-12-17 08:45:00
Lady BlackAdder,7301,2021-12-19 02:51:00
Lady BlackAdder,7401,2021-12-19 17:53:00
Lady BlackAdder,7501,2021-12-20 07:57:00
Lady BlackAdder,7601,2021-12-21 12:47:00
Lady BlackAdder,7801,2021-12-26 06:06:00
Lady BlackAdder,7901,2021-12-26 19:32:00
Lady BlackAdder,8001,2021-12-28 09:03:00
Lady BlackAdder,8101,2021-12-29 18:57:00
Lakerfan,4301,2021-11-24 16:21:00
Lakerfan,2901,2021-11-24 16:21:00
Harrold,3501,2021-11-23 20:10:00
Harrold,3601,2021-11-24 06:44:00
Harrold,3901,2021-11-24 20:14:00
Harrold,4101,2021-11-25 06:56:00
Harrold,4301,2021-11-25 17:53:00
Harrold,4501,2021-11-26 17:08:00
Harrold,4801,2021-11-28 03:43:00
Harrold,4901,2021-11-28 14:36:00
Harrold,5401,2021-12-01 20:30:00
Harrold,5501,2021-12-02 23:25:00
Harrold,5601,2021-12-03 20:02:00
Harrold,6001,2021-12-07 07:26:00
Harrold,6501,2021-12-12 18:20:00
Harrold,5701,2021-12-27 20:37:00
Harrold,7501,2021-12-27 20:38:00
Harrold,8001,2022-01-06 10:06:52
Juna,8001.0,2022-01-16 03:48:35
MIGUETO,3200,2021-11-23 20:01:00
MIGUETO,3701,2021-11-24 17:28:00
MIGUETO,4101,2021-11-25 12:28:00
MIGUETO,4501,2021-11-27 10:47:00
MIGUETO,4701,2021-11-27 21:09:00
MIGUETO,4801,2021-11-28 06:09:00
MIGUETO,4901,2021-11-28 20:48:00
MIGUETO,5301,2021-11-30 18:36:00
MIGUETO,6101,2021-12-07 13:03:00
MIGUETO,6401,2021-12-09 17:41:00
MIGUETO,7201,2021-12-18 22:53:00
W;zz,2700,2021-11-22 04:21:00
W;zz,2701,2021-11-22 05:11:00
W;zz,2801,2021-11-22 05:41:00
W;zz,3301,2021-11-22 09:34:00
W;zz,3401,2021-11-22 10:25:00
W;zz,3601,2021-11-22 18:44:00
W;zz,3701,2021-11-22 19:22:00
W;zz,3801,2021-11-22 19:35:00
W;zz,3901,2021-11-22 19:36:00
W;zz,4001,2021-11-22 21:15:00
W;zz,4201,2021-11-23 01:54:00
W;zz,4301,2021-11-23 04:04:00
W;zz,4401,2021-11-23 08:40:00
W;zz,4701,2021-11-23 21:07:00
W;zz,4901,2021-11-24 04:45:00
W;zz,5601,2021-11-26 04:56:00
W;zz,4400,2021-11-26 20:57:00
W;zz,4401,2021-11-26 20:58:00
W;zz,4501,2021-11-27 03:32:00
W;zz,4601,2021-11-27 05:42:00
W;zz,4701,2021-11-27 10:13:00
W;zz,4801,2021-11-27 23:54:00
W;zz,4901,2021-11-28 11:21:00
W;zz,5001,2021-11-28 20:19:00
W;zz,6301,2021-11-29 05:43:00
W;zz,6401,2021-11-29 21:44:00
W;zz,6501,2021-11-30 08:41:00
W;zz,6701,2021-12-01 19:54:00
W;zz,6801,2021-12-02 02:39:00
W;zz,7001,2021-12-03 22:05:00
W;zz,7101,2021-12-04 22:25:00
W;zz,7201,2021-12-05 08:39:00
W;zz,7301,2021-12-06 09:41:00
W;zz,7401,2021-12-07 06:10:00
W;zz,7501,2021-12-08 03:26:00
W;zz,7601,2021-12-09 00:31:00
W;zz,7701,2021-12-10 00:28:00
W;zz,7801,2021-12-10 11:03:00
W;zz,7901,2021-12-12 08:48:00
W;zz,6701,2021-12-13 08:24:00
W;zz,7001,2021-12-14 09:54:00
W;zz,7101,2021-12-16 20:05:00
W;zz,7201,2021-12-28 04:45:00
Fey,2901,2021-11-22 14:22:00
Fey,3001,2021-11-22 15:20:00
Fey,3101,2021-11-22 16:39:00
Fey,3201,2021-11-22 17:45:00
Fey,3301,2021-11-22 19:16:00
Fey,3401,2021-11-22 21:48:00
Fey,3501,2021-11-22 23:00:00
Fey,3601,2021-11-23 01:42:00
Fey,3801,2021-11-23 07:52:00
Fey,3901,2021-11-23 13:14:00
Fey,4001,2021-11-23 16:53:00
Fey,4101,2021-11-24 01:15:00
Fey,4301,2021-11-24 13:30:00
Fey,4401,2021-11-24 16:58:00
Fey,4501,2021-11-24 19:46:00
Fey,4601,2021-11-25 01:45:00
Fey,4701,2021-11-25 13:11:00
Fey,4801,2021-11-25 19:13:00
Fey,4901,2021-11-26 13:51:00
Fey,5001,2021-11-26 17:01:00
Fey,5101,2021-11-27 13:19:00
Fey,5201,2021-11-27 21:36:00
Fey,5301,2021-11-28 01:42:00
Fey,5401,2021-11-28 16:45:00
Fey,5601,2021-11-29 21:25:00
Fey,5701,2021-11-30 13:24:00
Fey,5801,2021-12-01 12:58:00
Fey,5901,2021-12-02 01:20:00
Fey,6001,2021-12-02 15:44:00
Fey,6101,2021-12-03 14:05:00
Fey,6301,2021-12-04 19:37:00
Fey,6401,2021-12-05 17:56:00
Fey,6501,2021-12-06 18:17:00
Fey,6601,2021-12-07 13:00:00
Fey,6701,2021-12-08 18:19:00
Fey,6801,2021-12-09 13:25:00
Fey,6901,2021-12-10 13:00:00
Fey,7001,2021-12-11 13:10:00
Fey,7101,2021-12-12 09:54:00
Fey,7201,2021-12-13 18:14:00
Fey,7301,2021-12-14 21:29:00
Fey,7401,2021-12-16 22:59:00
Fey,7501,2021-12-17 13:24:00
Fey,7601,2021-12-18 17:34:00
Fey,7701,2021-12-19 16:06:00
Fey,7801,2021-12-20 23:10:00
Fey,7901,2021-12-21 17:39:00
Fey,8001,2021-12-22 20:27:00
Fey,8101,2021-12-26 20:14:00
Fey,8301,2021-12-28 15:51:00
Fey,8401,2021-12-29 13:09:00
Fey,8501,2021-12-30 17:40:00
Fey,7801,2022-01-09 17:32:55
SmokyO,3181,2021-11-23 20:05:00
SmokyO,4801,2021-11-28 21:24:00
SmokyO,5100,2021-12-01 12:45:00
SmokyO,5201,2021-12-01 22:16:00
SmokyO,5401,2021-12-03 15:45:00
SmokyO,5601,2021-12-05 19:20:00
SmokyO,5801,2021-12-07 19:01:00
SmokyO,5901,2021-12-08 22:45:00
SmokyO,6001,2021-12-09 14:07:00
SmokyO,6101,2021-12-10 13:18:00
SmokyO,6201,2021-12-12 15:06:00
SmokyO,6301,2021-12-13 20:00:00
SmokyO,6401,2021-12-13 22:55:00
SmokyO,6601,2021-12-16 14:36:00
SmokyO,6801,2021-12-17 18:25:00
SmokyO,7001,2021-12-20 11:58:00
SmokyO,7101,2021-12-21 13:39:00
SmokyO,7200,2021-12-22 16:17:00
SmokyO,7201,2021-12-22 16:18:00
SmokyO,7401,2021-12-25 12:28:00
SmokyO,7501,2021-12-26 09:52:00
SmokyO,7601,2021-12-27 21:51:00
SmokyO,7701,2021-12-29 20:04:00
SmokyO,7801,2021-12-30 17:57:00
SmokyO,7901,2021-12-31 16:56:00
SmokyO,8001,2022-01-01 16:08:00
SmokyO,8101,2022-01-03 04:49:00
SmokyO,8201,2022-01-04 21:20:00
SmokyO,8401,2022-01-07 14:56:09
SmokyO,8501,2022-01-08 09:12:50
SmokyO,8601,2022-01-09 21:06:33
CalderasChingon,1901,2021-11-22 01:45:00
CalderasChingon,2001,2021-11-22 01:48:00
CalderasChingon,2101,2021-11-22 02:18:00
CalderasChingon,2301,2021-11-22 09:18:00
CalderasChingon,2501,2021-11-22 10:48:00
CalderasChingon,3101,2021-11-22 19:10:00
CalderasChingon,3301,2021-11-23 01:37:00
CalderasChingon,3601,2021-11-23 09:51:00
CalderasChingon,3901,2021-11-23 21:03:00
CalderasChingon,4300,2021-11-24 13:55:00
CalderasChingon,4701,2021-11-25 13:15:00
CalderasChingon,4800,2021-11-25 18:58:00
CalderasChingon,4901,2021-11-26 10:29:00
CalderasChingon,5001,2021-11-26 18:17:00
CalderasChingon,5101,2021-11-27 10:42:00
CalderasChingon,5301,2021-11-28 07:10:00
CalderasChingon,5501,2021-11-29 00:58:00
CalderasChingon,5800,2021-12-01 13:25:00
CalderasChingon,6101,2021-12-03 22:55:00
CalderasChingon,6401,2021-12-07 00:59:00
CalderasChingon,6601,2021-12-08 02:07:00
CalderasChingon,7001,2021-12-11 02:04:00
CalderasChingon,7201,2021-12-13 23:05:00
CalderasChingon,7401,2021-12-17 14:33:00
CalderasChingon,7601,2021-12-19 11:09:00
CalderasChingon,7800,2021-12-20 19:01:00
CalderasChingon,8201,2021-12-27 20:22:00
Chago62,3501,2021-11-22 18:41:00
Chago62,3801,2021-11-23 00:12:00
Chago62,3901,2021-11-23 01:07:00
Chago62,4201,2021-11-23 13:15:00
Chago62,4301,2021-11-23 19:53:00
Chago62,4401,2021-11-23 22:59:00
Chago62,4501,2021-11-24 01:54:00
Chago62,4601,2021-11-24 12:14:00
Chago62,4701,2021-11-24 15:04:00
Chago62,4801,2021-11-24 18:54:00
Chago62,5101,2021-11-25 23:11:00
Chago62,5201,2021-11-26 01:41:00
Chago62,5401,2021-11-26 19:17:00
Chago62,5501,2021-11-26 22:47:00
Chago62,5601,2021-11-27 14:31:00
Chago62,5901,2021-11-29 03:06:00
Chago62,6001,2021-11-29 13:46:00
Chago62,6101,2021-11-29 19:32:00
Chago62,6301,2021-11-30 14:22:00
Chago62,6401,2021-12-01 20:35:00
Chago62,6601,2021-12-03 04:13:00
Chago62,6701,2021-12-03 15:56:00
Chago62,6901,2021-12-04 20:39:00
Chago62,7001,2021-12-05 23:13:00
Chago62,7301,2021-12-08 16:14:00
Chago62,7401,2021-12-09 19:37:00
Chago62,7501,2021-12-10 16:43:00
Chago62,7601,2021-12-11 20:25:00
Chago62,7001,2021-12-18 22:38:00
Chago62,7501,2022-01-04 02:33:00
Peter112,3301,2021-11-22 14:45:00
Peter112,3601,2021-11-22 18:09:00
Peter112,3901,2021-11-23 08:21:00
Peter112,4001,2021-11-23 15:14:00
Peter112,4401,2021-11-24 14:16:00
Peter112,4501,2021-11-24 18:05:00
Peter112,4701,2021-11-25 07:53:00
Peter112,4801,2021-11-25 12:26:00
Peter112,5001,2021-11-26 10:28:00
Peter112,5401,2021-11-27 23:41:00
Peter112,5501,2021-11-28 13:53:00
Peter112,5801,2021-11-30 09:22:00
Peter112,6101,2021-12-02 07:17:00
Peter112,6201,2021-12-02 23:25:00
Peter112,6601,2021-12-06 13:11:00
Peter112,6801,2021-12-07 15:08:00
Peter112,6901,2021-12-09 00:14:00
Peter112,7001,2021-12-09 07:59:00
Peter112,7101,2021-12-10 08:30:00
Peter112,7201,2021-12-10 16:05:00
Peter112,7301,2021-12-11 21:10:00
Peter112,7401,2021-12-12 14:26:00
Peter112,7501,2021-12-13 18:41:00
Peter112,7601,2021-12-14 17:59:00
Dune TM,2400,2021-11-22 09:31:00
Dune TM,3200,2021-11-22 22:41:00
Dune TM,4300,2021-11-24 19:12:00
Dune TM,6300,2021-12-08 22:32:00
Leo Altman,3101,2021-11-26 22:26:00
Leo Altman,3400,2021-11-27 22:13:00
Leo Altman,4201,2021-12-02 11:48:00
Leo Altman,5001,2021-12-02 20:16:00
Leo Altman,5201,2021-12-03 22:54:00
Gojiras,3101,2021-11-22 08:49:00
Gojiras,3201,2021-11-22 10:21:00
Gojiras,3301,2021-11-22 11:44:00
Gojiras,3401,2021-11-22 13:33:00
Gojiras,3601,2021-11-22 20:47:00
Gojiras,4500,2021-11-24 10:17:00
Gojiras,4501,2021-11-24 10:17:00
Gojiras,4601,2021-11-24 16:35:00
Gojiras,4701,2021-11-24 22:56:00
Gojiras,4801,2021-11-25 05:07:00
Gojiras,5201,2021-11-27 05:04:00
Gojiras,7101,2021-12-11 09:58:00
Gojiras,7201,2021-12-12 03:01:00
Gojiras,7701,2021-12-17 21:44:00
Gojiras,7801,2021-12-18 10:45:00
Gojiras,8001,2021-12-20 21:02:00
Horia.,2681,2021-11-22 16:47:00
Horia.,2841,2021-11-23 02:09:00
Horia.,3041,2021-11-23 08:06:00
Horia.,3341,2021-11-23 14:34:00
Horia.,3541,2021-11-23 21:23:00
Horia.,3641,2021-11-24 01:37:00
Horia.,4141,2021-11-25 16:19:00
Horia.,4241,2021-11-26 01:19:00
Horia.,4341,2021-11-26 15:10:00
Horia.,4541,2021-11-27 08:59:00
Horia.,4641,2021-11-28 02:46:00
Horia.,4741,2021-11-28 09:13:00
Horia.,4841,2021-11-29 14:44:00
Horia.,5101,2021-11-30 09:22:00
Horia.,5201,2021-11-30 22:55:00
Horia.,5601,2021-12-04 02:42:00
Horia.,5801,2021-12-06 10:44:00
Horia.,6301,2021-12-11 03:48:00
Horia.,6501,2021-12-12 01:41:00
Horia.,6601,2021-12-12 08:31:00
Horia.,6801,2021-12-14 19:02:00
Horia.,7001,2021-12-16 14:31:00
Horia.,7101,2021-12-17 20:07:00
Horia.,7201,2021-12-19 01:13:00
Horia.,7301,2021-12-19 14:20:00
Horia.,7401,2021-12-21 11:44:00
Horia.,7501,2021-12-21 19:13:00
Horia.,7601,2021-12-23 20:46:00
Horia.,7701,2021-12-25 02:48:00
Horia.,7901,2021-12-27 04:39:00
Horia.,8001,2021-12-29 04:57:00
Horia.,8161,2022-01-06 11:32:34
Horia.,8221,2022-01-08 15:16:56
Horia.,8321,2022-01-09 15:21:31
Man1jak D,3101,2021-11-22 10:07:00
Man1jak D,3301,2021-11-22 12:46:00
Man1jak D,3501,2021-11-22 15:04:00
Man1jak D,3601,2021-11-22 16:39:00
Man1jak D,3701,2021-11-22 19:08:00
Man1jak D,3801,2021-11-22 19:52:00
Man1jak D,4001,2021-11-23 04:35:00
Man1jak D,4101,2021-11-23 06:07:00
Man1jak D,4201,2021-11-23 08:22:00
Man1jak D,4501,2021-11-23 20:11:00
Man1jak D,4701,2021-11-24 04:53:00
Man1jak D,4801,2021-11-24 09:37:00
Man1jak D,4901,2021-11-24 17:25:00
Man1jak D,5001,2021-11-25 01:34:00
Man1jak D,5101,2021-11-25 07:38:00
Man1jak D,5201,2021-11-25 15:04:00
Man1jak D,5301,2021-11-26 01:41:00
Man1jak D,5401,2021-11-26 08:07:00
Man1jak D,5501,2021-11-26 15:09:00
Man1jak D,5701,2021-11-27 14:14:00
Man1jak D,6101,2021-11-29 05:54:00
Man1jak D,6701,2021-12-03 05:10:00
Man1jak D,7201,2021-12-06 18:20:00
Man1jak D,7501,2021-12-09 12:29:00
Man1jak D,7601,2021-12-10 12:09:00
Man1jak D,7701,2021-12-11 08:00:00
Noxx,3300,2021-11-22 19:49:00
Noxx,4300,2021-11-24 06:46:00
Noxx,5300,2021-11-27 22:29:00
Noxx,6500,2021-12-07 14:38:00
Kevin the Hunter,2100,2021-11-22 03:46:00
Kevin the Hunter,2600,2021-11-22 10:30:00
Kevin the Hunter,2801,2021-11-22 11:16:00
Kevin the Hunter,3001,2021-11-22 12:55:00
Kevin the Hunter,3800,2021-11-23 07:18:00
Kevin the Hunter,3801,2021-11-23 07:18:00
Kevin the Hunter,4701,2021-11-25 11:55:00
Kevin the Hunter,5201,2021-11-27 09:15:00
Kevin the Hunter,5401,2021-11-28 05:39:00
Kevin the Hunter,6001,2021-12-01 01:03:00
Kevin the Hunter,6201,2021-12-03 04:36:00
Kevin the Hunter,6901,2021-12-10 10:07:00
Kevin the Hunter,7001,2021-12-11 23:30:00
Kevin the Hunter,7201,2021-12-14 03:32:00
Kevin the Hunter,7501,2022-01-07 01:23:27
Jojo Wanderer,2501,2021-11-22 15:43:00
Jojo Wanderer,2700,2021-11-22 16:36:00
Jojo Wanderer,3000,2021-11-22 18:21:00
Jojo Wanderer,3101,2021-11-22 18:21:00
Jojo Wanderer,3300,2021-11-23 04:41:00
Jojo Wanderer,3700,2021-11-23 18:31:00
Jojo Wanderer,4101,2021-11-24 03:34:00
Jojo Wanderer,4801,2021-11-26 18:26:00
Jojo Wanderer,5101,2021-11-28 16:40:00
Jojo Wanderer,5501,2021-12-02 04:06:00
Jojo Wanderer,6300,2021-12-10 21:46:00
Leeds,2800,2021-11-22 12:30:00
Leeds,3001,2021-11-22 14:15:00
Leeds,3201,2021-11-22 15:46:00
Leeds,3301,2021-11-22 18:01:00
Leeds,3401,2021-11-22 20:41:00
Leeds,3701,2021-11-23 11:26:00
Leeds,3801,2021-11-23 12:17:00
Leeds,3901,2021-11-23 15:57:00
Leeds,4001,2021-11-23 22:29:00
Leeds,4101,2021-11-24 06:11:00
Leeds,4301,2021-11-24 12:55:00
Leeds,4401,2021-11-24 21:03:00
Leeds,4601,2021-11-25 15:42:00
Leeds,4701,2021-11-26 05:50:00
Leeds,4801,2021-11-26 10:03:00
Leeds,4901,2021-11-27 04:52:00
Leeds,5001,2021-11-27 10:10:00
Leeds,5101,2021-11-27 18:31:00
Leeds,5301,2021-11-28 17:59:00
Leeds,5401,2021-11-29 07:32:00
Leeds,5601,2021-11-30 18:31:00
Leeds,5701,2021-12-01 14:44:00
Leeds,5801,2021-12-02 09:08:00
Leeds,5901,2021-12-03 06:50:00
Leeds,6001,2021-12-03 20:37:00
Leeds,6201,2021-12-05 14:05:00
Leeds,6301,2021-12-06 17:38:00
Leeds,6401,2021-12-07 18:32:00
Leeds,6501,2021-12-08 18:07:00
Leeds,6601,2021-12-09 20:35:00
Leeds,6701,2021-12-11 07:14:00
Leeds,6801,2021-12-12 06:20:00
Leeds,6901,2021-12-13 10:14:00
Leeds,7001,2021-12-14 09:14:00
Leeds,7101,2021-12-15 13:05:00
Leeds,7201,2021-12-16 16:38:00
Leeds,7301,2021-12-17 20:20:00
Leeds,7401,2021-12-19 08:55:00
Leeds,7501,2021-12-20 07:02:00
Leeds,7601,2021-12-21 10:27:00
Leeds,7701,2021-12-22 15:26:00
Leeds,6801,2021-12-23 18:14:00
Leeds,7801,2021-12-23 18:19:00
Leeds,7901,2021-12-25 06:22:00
Leeds,8001,2021-12-26 10:46:00
Leeds,6801,2021-12-27 15:26:00
Leeds,6901,2021-12-27 20:24:00
Leeds,7201,2022-01-01 16:59:00
LightQueen,8701,2022-01-08 00:22:58
루루라라,4901,2021-11-26 02:34:00
루루라라,5001,2021-11-26 06:56:00
루루라라,5301,2021-11-27 15:22:00
루루라라,5901,2021-11-30 21:49:00
루루라라,6101,2021-12-02 07:17:00
루루라라,6401,2021-12-03 22:59:00
루루라라,7201,2021-12-10 08:02:00
Lord Tut,3001,2021-11-22 21:01:00
Lord Tut,3901,2021-11-24 14:43:00
Lord Tut,5001,2021-11-28 04:01:00
Lord Tut,7001,2021-12-11 19:19:00
-SpiderMan-,6501,2022-01-04 17:46:00
Heidi,3601,2021-11-23 07:57:00
Heidi,4001,2021-11-23 15:05:00
Heidi,4500,2021-11-24 09:22:00
Heidi,4801,2021-11-24 19:36:00
Heidi,5601,2021-11-27 14:39:00
Heidi,5701,2021-11-27 22:17:00
Heidi,6101,2021-11-30 05:10:00
Heidi,6201,2021-11-30 10:18:00
Heidi,6401,2021-12-02 11:38:00
Heidi,6801,2021-12-05 11:42:00
Heidi,7001,2021-12-07 09:27:00
Heidi,5201,2021-12-10 00:17:00
Heidi,7301,2021-12-10 21:52:00
Heidi,7401,2021-12-11 16:17:00
Heidi,7601,2021-12-12 01:08:00
Heidi,7701,2021-12-12 11:55:00
Heidi,7801,2021-12-12 17:42:00
Jari6ycs191,4401,2021-11-23 21:33:00
Jari6ycs191,4801,2021-11-24 15:37:00
Jari6ycs191,7701,2021-12-10 17:42:00
_dany_,1900,2021-11-22 10:16:00
_dany_,2401,2021-11-22 14:25:00
_dany_,2601,2021-11-22 19:08:00
_dany_,2701,2021-11-23 00:27:00
_dany_,2801,2021-11-23 08:15:00
_dany_,3001,2021-11-23 14:31:00
_dany_,3401,2021-11-24 03:27:00
_dany_,3501,2021-11-24 12:18:00
_dany_,3601,2021-11-24 16:19:00
_dany_,3801,2021-11-25 03:35:00
_dany_,3901,2021-11-25 03:56:00
_dany_,4001,2021-11-25 13:59:00
_dany_,4101,2021-11-25 19:56:00
_dany_,4301,2021-11-26 15:43:00
_dany_,4501,2021-11-27 08:34:00
_dany_,4601,2021-11-27 10:48:00
_dany_,4801,2021-11-28 04:47:00
_dany_,5901,2021-11-28 17:53:00
_dany_,4901,2021-11-28 17:53:00
_dany_,5001,2021-11-29 08:07:00
_dany_,5101,2021-11-29 15:51:00
_dany_,5201,2021-11-30 04:15:00
_dany_,5301,2021-11-30 13:30:00
_dany_,5401,2021-12-01 05:04:00
_dany_,5601,2021-12-02 13:25:00
_dany_,5701,2021-12-03 09:52:00
_dany_,5801,2021-12-04 15:15:00
_dany_,5901,2021-12-05 08:58:00
_dany_,6001,2021-12-06 13:33:00
_dany_,6101,2021-12-07 11:00:00
_dany_,6201,2021-12-08 03:59:00
_dany_,6301,2021-12-09 03:26:00
_dany_,6401,2021-12-10 04:06:00
_dany_,6601,2021-12-14 07:16:00
_dany_,6701,2021-12-15 08:03:00
_dany_,6801,2021-12-16 07:00:00
_dany_,6901,2021-12-17 07:18:00
_dany_,7001,2021-12-18 07:36:00
_dany_,7101,2021-12-19 10:28:00
_dany_,7201,2021-12-20 08:33:00
_dany_,7401,2022-01-06 10:42:09
Pino Hut,3300,2021-11-24 03:59:00
Pino Hut,3921,2021-11-25 06:11:00
Pino Hut,4921,2021-11-29 10:53:00
Pino Hut,7301,2021-12-19 09:09:00
Pino Hut,8301,2022-01-08 12:18:19
Pino Hut,8401,2022-01-11 08:56:05
Zate2008,2900,2021-11-23 18:12:00
Zate2008,3001,2021-11-24 04:09:00
Zate2008,3101,2021-11-24 10:26:00
Zate2008,3301,2021-11-24 21:33:00
Zate2008,3501,2021-11-25 10:51:00
Zate2008,3601,2021-11-25 18:44:00
Zate2008,4001,2021-11-26 21:11:00
Zate2008,4201,2021-11-27 10:54:00
Zate2008,4301,2021-11-27 15:38:00
Zate2008,4501,2021-11-28 19:50:00
Zate2008,4801,2021-11-30 10:36:00
Zate2008,5301,2021-12-04 20:47:00
Zate2008,5801,2021-12-09 13:31:00
Zate2008,6201,2021-12-11 22:44:00
Zate2008,7900,2022-01-03 14:54:00
Zate2008,8001,2022-01-16 16:44:32
McGraven,2601,2021-11-23 05:37:00
McGraven,3501,2021-11-23 20:14:00
McGraven,4101,2021-11-24 20:31:00
McGraven,4401,2021-11-25 14:15:00
McGraven,4801,2021-11-27 11:05:00
McGraven,5001,2021-11-28 16:57:00
McGraven,5301,2021-11-30 21:02:00
McGraven,5601,2021-12-02 16:43:00
McGraven,6401,2021-12-10 16:26:00
McGraven,7201,2021-12-16 14:57:00
Cranx,2801,2021-11-22 06:42:00
Cranx,3001,2021-11-22 10:10:00
Cranx,3101,2021-11-22 10:30:00
Cranx,3201,2021-11-22 11:19:00
Cranx,3301,2021-11-22 14:00:00
Cranx,3401,2021-11-22 14:11:00
Cranx,3501,2021-11-22 15:24:00
Cranx,3601,2021-11-22 18:24:00
Cranx,4101,2021-11-23 12:58:00
Cranx,4201,2021-11-23 14:02:00
Cranx,4301,2021-11-23 19:38:00
Cranx,4401,2021-11-24 05:06:00
Cranx,4601,2021-11-24 13:07:00
Cranx,4701,2021-11-24 18:09:00
Cranx,4801,2021-11-25 08:22:00
Cranx,5201,2021-11-26 16:33:00
Cranx,5401,2021-11-27 07:05:00
Cranx,5501,2021-11-28 00:36:00
Cranx,5601,2021-11-28 15:17:00
Cranx,5801,2021-11-29 08:21:00
Cranx,5901,2021-11-30 05:25:00
Cranx,6001,2021-11-30 08:33:00
Cranx,6101,2021-11-30 19:20:00
Cranx,6201,2021-12-01 15:35:00
Cranx,6301,2021-12-02 05:45:00
Cranx,6401,2021-12-02 19:46:00
Cranx,6601,2021-12-05 06:27:00
Cranx,6701,2021-12-05 10:18:00
Cranx,6801,2021-12-06 18:54:00
Cranx,6901,2021-12-08 00:29:00
Cranx,7001,2021-12-08 18:50:00
Cranx,7101,2021-12-09 09:50:00
Cranx,7201,2021-12-10 18:35:00
Cranx,7401,2021-12-12 07:17:00
Cranx,7501,2021-12-13 18:53:00
Cranx,7601,2021-12-14 08:11:00
Cranx,7701,2021-12-15 21:08:00
Gate4,3301,2021-11-24 03:32:00
Gate4,4201,2021-11-25 17:51:00
Gate4,4901,2021-11-27 17:06:00
Gate4,5401,2021-11-30 17:02:00
Gate4,6900,2021-12-11 20:06:00
Frenzied,2401,2021-11-22 22:15:00
Frenzied,3001,2021-11-24 10:29:00
Frenzied,3201,2021-11-25 00:00:00
Frenzied,3501,2021-11-25 11:57:00
Frenzied,4001,2021-11-26 23:57:00
Frenzied,4301,2021-11-28 11:10:00
Frenzied,4501,2021-11-30 01:11:00
Frenzied,4601,2021-11-30 23:04:00
Frenzied,5001,2021-12-03 00:39:00
Frenzied,5301,2021-12-05 17:30:00
Frenzied,5401,2021-12-05 20:20:00
Frenzied,5501,2021-12-07 01:47:00
Frenzied,5601,2021-12-08 11:56:00
Frenzied,6001,2021-12-12 10:00:00
Frenzied,6801,2021-12-22 12:11:00
王子(Prince),3501,2021-11-23 03:06:00
王子(Prince),4101,2021-11-23 20:43:00
王子(Prince),4801,2021-11-25 07:30:00
王子(Prince),5601,2021-11-28 05:24:00
王子(Prince),6501,2021-12-03 07:33:00
王子(Prince),7301,2021-12-10 10:02:00
王子(Prince),7601,2021-12-12 20:41:00
bellotero,3701,2021-11-24 14:33:00
bellotero,4001,2021-11-25 06:45:00
bellotero,4401,2021-11-26 08:40:00
bellotero,4801,2021-11-27 07:56:00
bellotero,5001,2021-11-28 08:57:00
bellotero,5301,2021-11-29 13:20:00
bellotero,5501,2021-11-30 14:21:00
bellotero,5601,2021-11-30 22:58:00
bellotero,5801,2021-12-02 19:46:00
bellotero,6201,2021-12-04 17:47:00
bellotero,6401,2021-12-06 09:20:00
bellotero,6601,2021-12-08 10:08:00
bellotero,6801,2021-12-09 15:30:00
bellotero,7001,2021-12-11 14:36:00
bellotero,7201,2021-12-13 13:05:00
bellotero,7401,2021-12-16 10:23:00
bellotero,7501,2021-12-17 08:03:00
bellotero,7601,2021-12-20 09:14:00
bellotero,7801,2021-12-21 09:00:00
bellotero,7901,2021-12-23 11:54:00
bellotero,8001,2021-12-26 09:42:00
Soy,3301,2021-11-23 23:54:00
Soy,3601,2021-11-24 17:20:00
Soy,3901,2021-11-25 10:37:00
Soy,4101,2021-11-26 03:11:00
Soy,4301,2021-11-27 06:19:00
Soy,4501,2021-11-28 03:39:00
Soy,4701,2021-11-29 02:41:00
Soy,4801,2021-11-29 15:15:00
Soy,4901,2021-11-30 09:03:00
Soy,5102,2021-12-02 03:51:00
Soy,5101,2021-12-02 03:51:00
Soy,5401,2021-12-04 02:30:00
Soy,5601,2021-12-06 14:05:00
Soy,5901,2021-12-09 09:00:00
Soy,6001,2021-12-10 13:43:00
Soy,6101,2021-12-11 03:47:00
Soy,6501,2021-12-13 13:51:00
Soy,7221,2021-12-22 15:57:00
Soy,8341,2022-01-07 09:20:33
Maverick77,2401,2021-11-22 11:15:00
Maverick77,2801,2021-11-23 04:30:00
Maverick77,3001,2021-11-23 15:11:00
Maverick77,3601,2021-11-25 04:26:00
Maverick77,3901,2021-11-25 14:36:00
Maverick77,4101,2021-11-26 05:29:00
Maverick77,4201,2021-11-26 05:41:00
Maverick77,4301,2021-11-26 14:05:00
Maverick77,4501,2021-11-27 06:33:00
Maverick77,4601,2021-11-27 15:30:00
Maverick77,4801,2021-11-28 05:49:00
Maverick77,5001,2021-11-29 07:25:00
Maverick77,5101,2021-11-30 08:48:00
Maverick77,5301,2021-11-30 19:49:00
Maverick77,5501,2021-12-01 19:50:00
Maverick77,5601,2021-12-02 06:25:00
Maverick77,5701,2021-12-03 05:44:00
Maverick77,5801,2021-12-04 19:05:00
Maverick77,5901,2021-12-05 15:49:00
Maverick77,6101,2021-12-06 09:45:00
Maverick77,6201,2021-12-07 05:18:00
Maverick77,6301,2021-12-08 06:46:00
Maverick77,6401,2021-12-09 06:18:00
Maverick77,6501,2021-12-10 04:37:00
Maverick77,6601,2021-12-11 07:00:00
Maverick77,6801,2021-12-13 07:02:00
Maverick77,7001,2021-12-14 09:26:00
Maverick77,7101,2021-12-16 08:20:00
Maverick77,7201,2021-12-17 09:31:00
Maverick77,7301,2021-12-18 17:55:00
Maverick77,7401,2021-12-19 07:11:00
Maverick77,7501,2021-12-20 06:57:00
Maverick77,7601,2021-12-21 09:06:00
Maverick77,7701,2021-12-22 14:56:00
Maverick77,7801,2021-12-24 07:28:00
Maverick77,7901,2021-12-26 07:15:00
Maverick77,8001,2021-12-26 20:19:00
Maverick77,8101,2021-12-30 20:37:00
Maverick77,8201,2022-01-02 10:02:00
Maverick77,8301,2022-01-06 10:33:39
Georgian,1500,2021-11-22 05:22:00
Georgian,1700,2021-11-22 06:35:00
Georgian,1800,2021-11-22 09:35:00
Georgian,1900,2021-11-22 12:14:00
Georgian,2101,2021-11-22 17:20:00
Georgian,2401,2021-11-23 07:33:00
Georgian,2701,2021-11-23 14:01:00
Georgian,3001,2021-11-24 10:20:00
Georgian,3101,2021-11-24 13:32:00
Georgian,3401,2021-11-25 04:21:00
Georgian,3501,2021-11-25 12:46:00
Georgian,3601,2021-11-26 05:50:00
Georgian,3701,2021-11-26 11:59:00
Georgian,3801,2021-11-26 17:46:00
Georgian,3901,2021-11-27 11:05:00
Georgian,4101,2021-11-28 17:30:00
Georgian,4201,2021-11-29 11:28:00
Georgian,4501,2021-12-01 11:06:00
Georgian,470,2021-12-02 06:27:00
Georgian,4701,2021-12-02 06:28:00
Georgian,5001,2021-12-04 18:51:00
Georgian,5501,2021-12-10 03:49:00
Georgian,5601,2021-12-12 10:54:00
Georgian,6400,2021-12-27 06:00:00
Tekacip ⋆⁶_⁹⋆,1801,2021-11-22 05:53:00
Tekacip ⋆⁶_⁹⋆,2501,2021-11-22 15:18:00
Tekacip ⋆⁶_⁹⋆,3001,2021-11-23 09:47:00
Tekacip ⋆⁶_⁹⋆,3401,2021-11-23 21:37:00
Tekacip ⋆⁶_⁹⋆,3901,2021-11-25 06:31:00
Tekacip ⋆⁶_⁹⋆,4001,2021-11-25 06:32:00
Tekacip ⋆⁶_⁹⋆,4301,2021-11-26 03:16:00
Tekacip ⋆⁶_⁹⋆,4701,2021-11-28 09:47:00
Tekacip ⋆⁶_⁹⋆,4901,2021-11-29 03:47:00
Tekacip ⋆⁶_⁹⋆,5001,2021-11-30 09:10:00
Tekacip ⋆⁶_⁹⋆,5401,2021-12-03 01:07:00
Tekacip ⋆⁶_⁹⋆,5901,2021-12-08 05:06:00
Tekacip ⋆⁶_⁹⋆,5601,2021-12-08 05:07:00
Tekacip ⋆⁶_⁹⋆,5901,2021-12-08 06:33:00
Tekacip ⋆⁶_⁹⋆,6101,2021-12-08 09:53:00
Tekacip ⋆⁶_⁹⋆,6401,2021-12-12 04:47:00
Tekacip ⋆⁶_⁹⋆,7001,2021-12-17 23:35:00
Tekacip ⋆⁶_⁹⋆,7101,2021-12-19 10:52:00
Tekacip ⋆⁶_⁹⋆,7301,2021-12-22 05:28:00
Tekacip ⋆⁶_⁹⋆,6401,2021-12-23 23:07:00
Erekose11,2700,2021-11-22 12:47:00
Erekose11,3601,2021-11-23 10:49:00
Erekose11,4201,2021-11-24 11:36:00
Erekose11,4801,2021-11-26 13:12:00
Erekose11,5001,2021-11-27 05:33:00
Erekose11,5501,2021-11-29 08:43:00
Erekose11,5701,2021-11-30 19:20:00
Erekose11,5901,2021-12-01 17:38:00
Erekose11,6001,2021-12-02 07:18:00
Erekose11,6201,2021-12-03 15:33:00
Erekose11,6801,2021-12-07 19:26:00
Erekose11,7401,2021-12-13 18:16:00
Ziracon,2801,2021-11-23 16:38:00
Ziracon,8101,2021-12-31 14:19:00
CosaNostra,8001,2022-01-16 11:38:01
